timestamp,target,latency,jitter,packet_loss
2025-10-02 06:00:45,https://google.com,1.0673357,,0.0
2025-10-02 06:01:00,https://google.com,1.0416966,,0.0
2025-10-02 06:01:15,https://google.com,1.1168684,0.038213547626768894,0.0
2025-10-02 06:01:30,https://google.com,1.3408445,0.15562002814594073,0.0
2025-10-02 06:01:45,https://google.com,1.0871145,0.13870201923333128,0.0
2025-10-02 06:02:00,https://google.com,1.0430792,0.16071828066017685,0.0
2025-10-02 06:02:15,https://google.com,1.0378899,0.027046557777715866,0.0
2025-10-02 06:02:30,https://google.com,1.0539228,0.008180936966100958,0.0
2025-10-02 06:02:45,https://google.com,1.4130693,0.21213315178955416,0.0
2025-10-02 06:03:00,https://google.com,1.3899167000000001,0.20100337981661753,0.0
2025-10-02 06:03:15,https://google.com,0.9703959,0.24916309370469264,0.0
2025-10-02 06:03:30,https://google.com,1.2018933,0.21013549073037002,0.0
2025-10-02 06:03:45,https://google.com,1.0138742,0.12303968922158157,0.0
2025-10-02 06:04:00,https://google.com,1.3411663,0.16424994632988477,0.0
2025-10-02 06:04:15,https://google.com,1.0803661,0.17299230994857365,0.0
2025-10-02 06:04:30,https://google.com,1.0394295,0.1636753117271306,0.0
2025-10-02 06:04:45,https://google.com,1.0420368,0.022919200361779506,0.0
2025-10-02 06:05:00,https://google.com,1.0566482,0.009280576966083328,0.0
2025-10-02 06:05:15,https://google.com,1.3218855,0.15752228054730336,0.0
2025-10-02 06:05:30,https://google.com,1.0587932,0.15251938928956982,0.0
2025-10-02 06:05:45,https://google.com,1.0901247,0.14370820530284037,0.0
2025-10-02 06:06:00,https://google.com,1.3950157,0.18573536473501745,0.0
2025-10-02 06:06:15,https://google.com,1.3332637,0.16118747092852212,0.0
2025-10-02 06:06:30,https://google.com,0.9603813,0.23514593178035892,0.0
2025-10-02 06:06:45,https://google.com,1.0494496,0.19473267558949453,0.0
2025-10-02 06:07:00,https://google.com,1.0054086,0.044535060142133,0.0
2025-10-02 06:07:15,https://google.com,1.0054086,0.025427083205381527,0.0
2025-10-02 06:07:30,https://google.com,1.0054086,0.0,0.0
2025-10-02 06:07:45,https://google.com,2.4845468,0.8539808379386585,0.0
2025-10-02 06:08:00,https://google.com,2.4845468,0.8539808379386584,0.0
2025-10-02 06:08:15,https://google.com,2.4845468,0.0,0.0
2025-10-02 06:08:30,https://google.com,2.4845468,0.0,0.0
2025-10-02 06:08:45,https://google.com,1.1584597,0.7656167441538902,0.0
2025-10-02 06:09:00,https://google.com,1.1584597,0.7656167441538907,0.0
2025-10-02 06:09:15,https://google.com,1.1584597,0.0,0.0
2025-10-02 06:09:30,https://google.com,1.1584597,0.0,0.0
2025-10-02 06:09:45,https://google.com,1.3587095,0.11561427593517569,0.0
2025-10-02 06:10:00,https://google.com,1.3587095,0.11561427593517504,0.0
2025-10-02 06:10:15,https://google.com,1.3587095,0.0,0.0
2025-10-02 06:10:30,https://google.com,1.3587095,0.0,0.0
2025-10-02 06:10:45,https://google.com,1.1895041,0.09769078323834575,0.0
2025-10-02 06:00:45,https://example.com,0.9748596,,0.0
2025-10-02 06:01:00,https://example.com,1.0329129,,0.0
2025-10-02 06:01:15,https://example.com,0.9384187,0.04765724615652195,0.0
2025-10-02 06:01:30,https://example.com,0.9626198,0.04908490430274864,0.0
2025-10-02 06:01:45,https://example.com,1.023143,0.04364049722818619,0.0
2025-10-02 06:02:00,https://example.com,0.9828562,0.030810160330211406,0.0
2025-10-02 06:02:15,https://example.com,0.9574644,0.033119602099662984,0.0
2025-10-02 06:02:30,https://example.com,1.2087321,0.13832336677229676,0.0
2025-10-02 06:02:45,https://example.com,0.9501398,0.14722946062056783,0.0
2025-10-02 06:03:00,https://example.com,0.7789381,0.21637270396940098,0.0
2025-10-02 06:03:15,https://example.com,1.107403,0.16428173295142512,0.0
2025-10-02 06:03:30,https://example.com,0.7789877,0.18962498176939496,0.0
2025-10-02 06:03:45,https://example.com,0.8695427,0.16962426104736128,0.0
2025-10-02 06:04:00,https://example.com,0.8487915,0.04744012159357744,0.0
2025-10-02 06:04:15,https://example.com,0.7366161,0.07151155344203769,0.0
2025-10-02 06:04:30,https://example.com,0.7726339,0.05727213155884302,0.0
2025-10-02 06:04:45,https://example.com,0.8069126,0.03515183518865111,0.0
2025-10-02 06:05:00,https://example.com,0.8118067,0.021344358147375155,0.0
2025-10-02 06:05:15,https://example.com,0.7800072,0.017122407172184804,0.0
2025-10-02 06:05:30,https://example.com,0.8914145,0.057387856605122356,0.0
2025-10-02 06:05:45,https://example.com,0.7688386,0.06777557989431063,0.0
2025-10-02 06:06:00,https://example.com,0.7847757,0.06664667543929016,0.0
2025-10-02 06:06:15,https://example.com,0.8336617,0.03377836202368919,0.0
2025-10-02 06:06:30,https://example.com,0.8091969,0.024443003240465683,0.0
2025-10-02 06:06:45,https://example.com,1.0611609,0.13894859345316693,0.0
2025-10-02 06:07:00,https://example.com,0.768822,0.1584182345876576,0.0
2025-10-02 06:07:15,https://example.com,0.768822,0.1687819426095994,0.0
2025-10-02 06:07:30,https://example.com,0.7965963,0.016035499581555132,0.0
2025-10-02 06:07:45,https://example.com,0.7965963,0.01603549958155528,0.0
2025-10-02 06:08:00,https://example.com,0.7965963,0.0,0.0
2025-10-02 06:08:15,https://example.com,0.7965963,0.0,0.0
2025-10-02 06:08:30,https://example.com,1.9275145999999999,0.652935984936474,0.0
2025-10-02 06:08:45,https://example.com,1.9275145999999999,0.6529359849364741,0.0
2025-10-02 06:09:00,https://example.com,1.9275145999999999,0.0,0.0
2025-10-02 06:09:15,https://example.com,1.9275145999999999,0.0,0.0
2025-10-02 06:09:30,https://example.com,0.7993438,0.6513497150718758,0.0
2025-10-02 06:09:45,https://example.com,0.7993438,0.6513497150718758,0.0
2025-10-02 06:10:00,https://example.com,0.7993438,0.0,0.0
2025-10-02 06:10:15,https://example.com,0.7993438,0.0,0.0
2025-10-02 06:10:30,https://example.com,1.0866081,0.16585212093357138,0.0
2025-10-02 06:10:45,https://example.com,1.0866081,0.16585212093357135,0.0
